feature,importance
TOT_LVG_AREA,0.44588008546694813
log_CNTR_DIST,0.17072909049081986
log_OCEAN_DIST,0.14276515829298733
structure_quality,0.12780141602301962
LND_SQFOOT,0.04139781241378928
log_WATER_DIST,0.03646167191691918
age,0.034964765395516476
